[{"sessionId":"249f52635359407c0fdd884a151242cd","player1":{"id":"1","username":"Player1"},"player2":{"id":"2","username":"Player2"},"overs":20,"state":"TEAM_SELECTION","teams":{},"tossWinner":null,"battingTeam":null,"bowlingTeam":null,"currentInnings":1,"score":{"innings1":{"runs":125,"wickets":3,"overs":12,"balls":4,"powerPlayScore":"45/1","lastOverRuns":12,"battingOrder":[],"bowlingFigures":{}},"innings2":{"runs":0,"wickets":0,"overs":0,"balls":0,"battingOrder":[],"bowlingFigures":{},"powerPlayScore":"0/0","lastOverRuns":0}},"currentBowler":"Shaheen Afridi","currentBatsmen":{"striker":"Babar Azam","nonStriker":"Mohammad Rizwan"},"target":null,"league":"psl","quitRequested":null,"quitRequestedTime":null,"quitApproved":false,"forfeited":false,"winner":null,"selectedTeams":{"player1":null,"player2":null},"impactPlayerAvailable":true,"powerPlayInProgress":false,"availableLeagues":["international","ipl","psl","bpl","lpl","bbl","sa20","ilt20","t20","odi","test"],"lastActive":1739189514927,"createdAt":1739189514927,"battingStats":{"Babar Azam":{"runs":65,"balls":45},"Mohammad Rizwan":{"runs":35,"balls":28}},"bowlingStats":{"Shaheen Afridi":{"overs":3,"wickets":2,"runs":25}}},{"sessionId":"906d1df22ec9fef148d95658fe90a346","player1":{"id":"1","username":"Player1"},"player2":{"id":"2","username":"Player2"},"overs":20,"state":"TEAM_SELECTION","teams":{},"tossWinner":null,"battingTeam":null,"bowlingTeam":null,"currentInnings":1,"score":{"innings1":{"runs":0,"wickets":0,"overs":0,"balls":0,"battingOrder":[],"bowlingFigures":{},"powerPlayScore":"0/0","lastOverRuns":0},"innings2":{"runs":0,"wickets":0,"overs":0,"balls":0,"battingOrder":[],"bowlingFigures":{},"powerPlayScore":"0/0","lastOverRuns":0}},"currentBowler":null,"currentBatsmen":{"striker":null,"nonStriker":null},"target":null,"league":null,"quitRequested":null,"quitRequestedTime":null,"quitApproved":false,"forfeited":false,"winner":null,"selectedTeams":{"player1":null,"player2":null},"impactPlayerAvailable":true,"powerPlayInProgress":false,"availableLeagues":["international","ipl","psl","bpl","lpl","bbl","sa20","ilt20","t20","odi","test"],"lastActive":1739189514928,"createdAt":1739189514928}]